{"cameraMode":{"drawMode":0,"name":"Shaded","section":"Shading Mode"},"sceneLighting":false,"audioPlay":false,"sceneViewState":{"m_AlwaysRefresh":false,"showFog":true,"showSkybox":false,"showFlares":true,"showImageEffects":true,"showParticleSystems":true,"showVisualEffectGraphs":true,"m_FxEnabled":true},"in2DMode":false,"pivot":{"x":-0.0701921284198761,"y":0.2469465583562851,"z":-0.3635745048522949},"rotation":{"x":0.03795443847775459,"y":-0.22877764701843263,"z":0.008926834911108017,"w":0.9726985692977905},"size":0.9633123278617859,"orthographic":false}